 ,Sex(M1/FM2£©,Age,Category,BMI£¨kg/cm^2£©
HBT_12,1,30,CHB,24.22145329
HBT_8,1,27,HBVI,19.3221846
HBV_11,1,32,CHB,20.61925365
HBV_12,2,48,CHB,22.22222222
HBV_22,1,35,CHB,29.41176471
HBV_46,1,30,CHB,24.69135802
HBV_5,1,55,CHB,26.89232314
HBV_52,1,43,HBVI,23.73866213
HBV_56,1,34,CHB,26.76977989
HBV_59,2,59,CHB,20.22912995
HBV_61,1,59,CHB,22.66435986
HBV_64,1,44,CHB,24.76756592
HBV_68,1,56,CHB,23.66524436
ZR6_20,2,45,HBVI,19.02739946
N39,1,43,Healthy,18.5546875
N41,1,59,Healthy,22.77318641
N42,1,35,Healthy,19.47077787
N43,2,58,Healthy,19.53542322
N44,1,35,Healthy,20.69049454
N45,1,48,Healthy,20.2020202
N72,2,64,Healthy,19.46740129
ZR4_12,1,52,LC,20.41522491
ZR4_14,1,58,CHB,19.59183673
ZR4_15,2,66,CHB,22.22222222
ZR4_16,1,58,HBVI,20.93663912
ZR4_19,1,55,HBVI,23.22543185
ZR4_2,1,47,CHB,25.95155709
ZR4_22,2,33,CHB,22.43230252
ZR4_23,1,62,LC,21.71806609
ZR4_26,1,45,LC,22.49134948
ZR4_27,1,60,LC,24.30248706
ZR4_28,1,56,LC,17.36111111
ZR4_30,1,38,CHB,27.19802477
ZR4_31,1,52,LC,21.484375
ZR4_33,1,53,LC,20.38156971
ZR4_35,1,52,CHB,19.71332153
ZR4_36,1,52,CHB,16.70620468
ZR4_38,2,62,LC,22.48132907
ZR4_39,1,52,LC,21.12628448
ZR4_41,1,47,LC,20.32443826
ZR4_44,1,49,LC,20.3125
ZR4_45,2,30,CHB,19.05197378
ZR4_46,1,45,LC,20.33832645
ZR4_52,2,44,HBVI,34.88985354
ZR4_53,1,31,CHB,29.62962963
ZR4_54,1,41,HBVI,27.16049383
ZR4_55,2,59,CHB,25.20398137
ZR4_57,1,55,CHB,26.18780397
ZR4_59,1,48,LC,25.2493372
ZR4_63,2,45,LC,23.33333333
ZR4_67,1,56,LC,26.85440557
ZR4_68,1,56,HBVI,27.06405159
ZR4_69,1,51,LC,22.4996371
ZR4_76,2,33,HBVI,18.90359168
ZR4_77,2,62,LC,26.95984034
ZR4_79,1,52,CHB,22.55337632
ZR4_81,2,51,HBVI,24.21875
ZR4_82,1,53,HBVI,25.35154137
ZR4_84,1,28,HBVI,20.19557823
ZR4_89,2,60,HBVI,24.65483235
ZR7_1,1,54,LC,20.2812331
ZR7_11,1,58,LC,25.14285714
ZR7_12,1,48,LC,22.91303307
ZR7_13,1,37,LC,20.83070319
ZR7_15,1,57,HBVI,18.64534404
ZR7_16,1,36,LC,17.95918367
ZR7_17,1,52,HBVI,27.6816609
ZR7_18,1,45,CHB,25.95155709
ZR7_20,1,51,LC,23.18367347
ZR7_22,2,59,HBVI,24.74093729
ZR7_6,2,30,CHB,18.81892431
ZR7_7,2,47,LC,16.62393847
ZR7_8,2,53,LC,22.20633069
ZR7_9,2,44,CHB,17.62538055
ZR8_48,2,36,CHB,26.03749399
ZR8_51,1,42,CHB,18.77834467
ZR9_1,2,55,Healthy,27.34375
ZR9_10,1,46,Healthy,24.6
ZR9_11,1,47,Healthy,25.76
ZR9_12,1,49,Healthy,27.66
ZR9_13,2,35,Healthy,21.52
ZR9_14,2,45,Healthy,22.77
ZR9_15,1,25,HBVI,25.38
ZR9_16,1,34,HBVI,21.16
ZR9_17,1,37,HBVI,21.34
ZR9_18,1,53,HBVI,27.11
ZR9_19,1,27,HBVI,17.92821543
ZR9_2,1,36,Healthy,18.46
ZR9_20,1,32,HBVI,21.97133586
ZR9_21,2,38,HBVI,22.95908766
ZR9_3,1,36,Healthy,21.88
ZR9_4,1,36,Healthy,23.41
ZR9_5,1,37,Healthy,20.52
ZR9_6,1,40,Healthy,20.05
ZR9_7,1,40,Healthy,23.21
ZR9_8,1,45,Healthy,26.5
ZR9_9,1,45,Healthy,20.87
